物流成本,,,,,,,,,,,,,,,,
国家,发货单号,客户信息,物流方式,物流单号,重量(KG),不记抛重量(KG),客户价(CNY),物流成本(CNY),利润(CNY),发货时间,业务员,采购员,汇率,实际重量(KG),箱规重量(KG),计费重量(KG)
Japan,WL-JPN22-251223-007,B-JPN22-TEST-吴四佳,EMS,21231312,16,12,454,316.4,137.6,,吴四佳,陈牧鹏,23.3064,12,12,16
,,,,,,,,,,,,,,,,
,,,,,,,,,,,,,,,,
,,,,,,,,,,,,,,,,
,,,,,,,,,,,,,,,,
,,,,,,,,,,,,,,,,
,,,,,,,,,,,,,,,,
,,,,,,,,,,,,,,,,
,,,,,,,,,,,,,,,,
发货单号,长,宽,高,重量,总实重（KG）,体积重（KG）,半抛（KG）,全抛重（KG）,物流供应商,成本单价(CNY),物流成本(CNY),预警值,,,,
WL-JPN22-251223-007,,,,,12,19.33,15.67,19.33,EMS,224.4,316.4,10.501-20,,,,
,58,50,40,12,,,,,,,,,,,,
